query,title,url,snippet,creation_date,modified_date
"Sarepta Therapeutics, Inc. Sustainability Report 2023 filetype:pdf site:investorrelations.sarepta.com",Litera Compare Redline,https://investorrelations.sarepta.com/static-files/5609920e-2d9d-411b-958e-1107cee36ad7,"SAREPTA THERAPEUTICS, INC. NOMINATING AND CORPORATE GOVERNANCE COMMITTEE CHARTER. (as amended December 8, 2023). The Nominating and Corporate Governance ...",2023-12-13,2023-12-13
"Sarepta Therapeutics, Inc. Sustainability Report 2023 filetype:pdf site:investorrelations.sarepta.com",Form DEF 14A for Sarepta Therapeutics INC filed 04/24/2024,https://investorrelations.sarepta.com/static-files/1a968122-632b-41ba-9f82-c513ed82ff8e,"Apr 24, 2024 ... This proxy statement and our Annual. Report to stockholders for the year ended December 31, 2023 are available at www.edocumentview.com/SRPT. By ...",2024-04-24,2024-04-24
"Sarepta Therapeutics, Inc. Sustainability Report 2023 filetype:pdf site:investorrelations.sarepta.com",Form 10-K for Sarepta Therapeutics INC filed 02/28/2023,https://investorrelations.sarepta.com/static-files/25752742-cab2-4307-91d8-01c77fbff0c7,"Aug 7, 2019 ... DOCUMENTS INCORPORATED BY REFERENCE. The registrant has incorporated by reference into Part II and Part III of this Annual Report on Form 10-K ...",2023-02-28,2023-02-28
"Sarepta Therapeutics, Inc. Sustainability Report 2023 filetype:pdf site:investorrelations.sarepta.com",Form 10-Q for Sarepta Therapeutics INC filed 05/02/2023,https://investorrelations.sarepta.com/static-files/fd54bf9e-35a6-429c-9bee-1a476affa2bf,"May 2, 2023 ... Commitments and Contingencies to the financial statements included in the Company's Annual Report on Form 10-K for the year ended December 31,.",2023-05-02,2023-05-02
"Sarepta Therapeutics, Inc. Sustainability Report 2023 filetype:pdf site:investorrelations.sarepta.com","sarepta therapeutics, inc. code of business conduct and ethics",https://investorrelations.sarepta.com/static-files/f0726efa-2cf3-49e0-85c5-b6bfd15d0089,"Dec 8, 2023 ... IN ADDITION, YOU SHOULD BE ALERT TO POSSIBLE. VIOLATIONS OF THIS CODE BY OTHERS AND REPORT SUSPECTED VIOLATIONS, WITHOUT. FEAR OF ANY FORM OF ...",2023-12-12,2023-12-12
"Sarepta Therapeutics, Inc. Sustainability Report 2023 filetype:pdf site:investorrelations.sarepta.com","SAREPTA THERAPEUTICS, INC.",https://investorrelations.sarepta.com/static-files/ee8ce47f-4c68-4c45-b0e7-fd9d46e421e7,"Apr 20, 2018 ... Indicate by check mark whether the registrant (1) has filed all reports required to be filed by Section 13 or 15(d) of the Securities ...",2019-12-29,2019-12-29
"Sarepta Therapeutics, Inc. Sustainability Report 2023 filetype:pdf site:investorrelations.sarepta.com",Form 10-Q for Sarepta Therapeutics INC filed 05/01/2024,https://investorrelations.sarepta.com/static-files/108a1d0f-5407-4fd5-b212-fdc273c12608,"May 1, 2024 ... ... 2023 which are contained in the Company's Annual Report on Form. 10-K for the year ended December 31, 2023, filed with the U.S. Securities ...",2024-05-01,2024-05-01
"Sarepta Therapeutics, Inc. Sustainability Report 2023 filetype:pdf site:investorrelations.sarepta.com",Form DEF 14A for Sarepta Therapeutics INC filed 04/24/2022,https://investorrelations.sarepta.com/static-files/360a27fa-dbd0-4e42-8960-1c2ba9803817,"Apr 25, 2022 ... “Annual Report”). Stockholders may also access this proxy statement and our Annual Report via the Internet at www.edocumentview.com/SRPT.",2022-04-25,2022-04-25
"Sarepta Therapeutics, Inc. Sustainability Report 2023 filetype:pdf site:investorrelations.sarepta.com","SAREPTA THERAPEUTICS, INC.",https://investorrelations.sarepta.com/static-files/5b588f9d-b8d1-4e3a-8c59-1116f674aa30,"Aug 4, 2021 ... ... Company's Annual Report on Form 10-K for the year ended December 31, 2020. The fair value of the Lacerta investment was initially based on a ...",2021-08-04,2021-08-04
"Sarepta Therapeutics, Inc. Sustainability Report 2023 filetype:pdf site:investorrelations.sarepta.com","Sarepta Therapeutics, Inc.",https://investorrelations.sarepta.com/static-files/52227bba-4540-442d-ab2c-29fe96c15277,"Feb 28, 2024 ... ... sarepta.com, our annual reports, quarterly reports, ... be incorporated into this Annual Report on Form 10-K. ... drug product for all three of our ...",2024-04-24,2024-04-24
"Sarepta Therapeutics, Inc. Sustainability Report 2023 filetype:pdf site:sarepta.com",Sarepta 2023 Sustainability Report,https://www.sarepta.com/sites/sarepta-corporate/files/2024-05/2023_Sarepta_Sustainability_Report.pdf,"President and CEO, Sarepta Therapeutics. Since our inception, Sarepta has been driven by a mission to improve the lives of patients with rare diseases through ...",2024-04-16,2024-04-16
"Sarepta Therapeutics, Inc. Sustainability Report 2023 filetype:pdf site:sarepta.com",Litera Compare Redline,https://investorrelations.sarepta.com/static-files/5609920e-2d9d-411b-958e-1107cee36ad7,"SAREPTA THERAPEUTICS, INC. NOMINATING AND CORPORATE GOVERNANCE COMMITTEE CHARTER. (as amended December 8, 2023). The Nominating and Corporate Governance ...",2023-12-13,2023-12-13
"Sarepta Therapeutics, Inc. Sustainability Report 2023 filetype:pdf site:sarepta.com",Form DEF 14A for Sarepta Therapeutics INC filed 04/24/2024,https://investorrelations.sarepta.com/static-files/1a968122-632b-41ba-9f82-c513ed82ff8e,"Apr 24, 2024 ... This proxy statement and our Annual. Report to stockholders for the year ended December 31, 2023 are available at www.edocumentview.com/SRPT. By ...",2024-04-24,2024-04-24
"Sarepta Therapeutics, Inc. Sustainability Report 2023 filetype:pdf site:sarepta.com",Form 10-K for Sarepta Therapeutics INC filed 02/28/2023,https://investorrelations.sarepta.com/static-files/25752742-cab2-4307-91d8-01c77fbff0c7,"Aug 7, 2019 ... DOCUMENTS INCORPORATED BY REFERENCE. The registrant has incorporated by reference into Part II and Part III of this Annual Report on Form 10-K ...",2023-02-28,2023-02-28
"Sarepta Therapeutics, Inc. Sustainability Report 2023 filetype:pdf site:sarepta.com",Form 10-Q for Sarepta Therapeutics INC filed 05/02/2023,https://investorrelations.sarepta.com/static-files/fd54bf9e-35a6-429c-9bee-1a476affa2bf,"May 2, 2023 ... Commitments and Contingencies to the financial statements included in the Company's Annual Report on Form 10-K for the year ended December 31,.",2023-05-02,2023-05-02
"Sarepta Therapeutics, Inc. Sustainability Report 2023 filetype:pdf site:sarepta.com","sarepta therapeutics, inc. code of business conduct and ethics",https://investorrelations.sarepta.com/static-files/f0726efa-2cf3-49e0-85c5-b6bfd15d0089,"Dec 8, 2023 ... IN ADDITION, YOU SHOULD BE ALERT TO POSSIBLE. VIOLATIONS OF THIS CODE BY OTHERS AND REPORT SUSPECTED VIOLATIONS, WITHOUT. FEAR OF ANY FORM OF ...",2023-12-12,2023-12-12
"Sarepta Therapeutics, Inc. Sustainability Report 2023 filetype:pdf site:sarepta.com","SAREPTA THERAPEUTICS, INC.",https://investorrelations.sarepta.com/static-files/ee8ce47f-4c68-4c45-b0e7-fd9d46e421e7,"Apr 20, 2018 ... Indicate by check mark whether the registrant (1) has filed all reports required to be filed by Section 13 or 15(d) of the Securities ...",2019-12-29,2019-12-29
"Sarepta Therapeutics, Inc. Sustainability Report 2023 filetype:pdf site:sarepta.com",Form 10-Q for Sarepta Therapeutics INC filed 05/01/2024,https://investorrelations.sarepta.com/static-files/108a1d0f-5407-4fd5-b212-fdc273c12608,"May 1, 2024 ... ... 2023 which are contained in the Company's Annual Report on Form. 10-K for the year ended December 31, 2023, filed with the U.S. Securities ...",2024-05-01,2024-05-01
"Sarepta Therapeutics, Inc. Sustainability Report 2023 filetype:pdf site:sarepta.com",Form DEF 14A for Sarepta Therapeutics INC filed 04/24/2022,https://investorrelations.sarepta.com/static-files/360a27fa-dbd0-4e42-8960-1c2ba9803817,"Apr 25, 2022 ... “Annual Report”). Stockholders may also access this proxy statement and our Annual Report via the Internet at www.edocumentview.com/SRPT.",2022-04-25,2022-04-25
"Sarepta Therapeutics, Inc. Sustainability Report 2023 filetype:pdf site:sarepta.com","SAREPTA THERAPEUTICS, INC.",https://investorrelations.sarepta.com/static-files/5b588f9d-b8d1-4e3a-8c59-1116f674aa30,"Aug 4, 2021 ... ... Company's Annual Report on Form 10-K for the year ended December 31, 2020. The fair value of the Lacerta investment was initially based on a ...",2021-08-04,2021-08-04
FLUIDIGM CORPORATION Sustainability Report 2023 filetype:pdf site:investors.standardbio.com,Form DEF 14A for Standard Biotools INC filed 04_28_2023,https://investors.standardbio.com/static-files/7e4ffa3b-2bbc-4fcf-8b9f-099a5fc59df3,"Mar 14, 2023 ... 2022 ANNUAL REPORT and 2023 PROXY STATEMENT. Page 2. 01234. 06. 60663 "" 9. & ""6 4776 ""41 1 6' &1 1. ""41 "" &6 6& ""'. ("" & 19"" &1 &6 19"" 6& 4$49 9.",2023-04-28,2023-05-01
FLUIDIGM CORPORATION Sustainability Report 2023 filetype:pdf site:investors.standardbio.com,"Environmental, Social, and Governance Report",https://investors.standardbio.com/static-files/a2cbf496-7561-4c29-9ac4-5f9a3be4acad,"September 2021 | Updated April 2023 ... annual report on Form 10-K filed with the Securities ... (Nasdaq:LAB), previously known as Fluidigm Corporation, is driven ...",2023-04-05,2023-04-05
FLUIDIGM CORPORATION Sustainability Report 2023 filetype:pdf site:investors.standardbio.com,Fluidigm 2019 Annual Report and 2020 Proxy Statement,https://investors.standardbio.com/static-files/60b0d1d3-ce73-4b43-94ea-b4512e7ea498,"May 14, 2020 ... each to hold office until our 2023 annual meeting of stockholders or until his successor is duly elected and qualified. • To vote, on an ...",2020-05-14,2020-05-21
FLUIDIGM CORPORATION Sustainability Report 2023 filetype:pdf site:investors.standardbio.com,FLUIDIGM CORPORATION,https://investors.standardbio.com/static-files/522b5cc6-31d1-4a53-a5a6-342a7c71ce87,... Fluidigm strives to create an environment where our people ... 2023. In the first quarter ... I have reviewed this annual report on Form 10-K of Fluidigm ...,2021-02-25,2021-04-30
FLUIDIGM CORPORATION Sustainability Report 2023 filetype:pdf site:investors.standardbio.com,FLUIDIGM CORPORATION,https://investors.standardbio.com/static-files/2257d85f-59c2-4e55-bb0b-f2a4af34f5fc,"Mar 18, 2019 ... I have reviewed this annual report on Form 10-K of Fluidigm Corporation;. 2. Based on my knowledge, this report does not contain any untrue ...",2019-12-28,2019-12-28
FLUIDIGM CORPORATION Sustainability Report 2023 filetype:pdf site:investors.standardbio.com,2018 ANNUAL REPORT and 2019 PROXY STATEMENT,https://investors.standardbio.com/static-files/542d6465-2b56-4d9f-a32f-590941e1db21,"Apr 23, 2019 ... ... Annual Report on Form 10-K to “Fluidigm,” the “Company,” “we,” “us,” and “our” refer to Fluidigm Corporation and its subsidiaries. ii. Page ...",2019-04-07,2019-04-24
FLUIDIGM CORPORATION Sustainability Report 2023 filetype:pdf site:investors.standardbio.com,FLUIDIGM CORPORATION,https://investors.standardbio.com/static-files/c66a9f77-ac7c-489a-89b6-9726dd4dedc0,"Mar 8, 2018 ... ... environmental regulations. ... 2023 (in the case of the Exchange Notes) or ... I have reviewed this annual report on Form 10-K of Fluidigm ...",2019-12-29,2019-12-29
FLUIDIGM CORPORATION Sustainability Report 2023 filetype:pdf site:investors.standardbio.com,FLUIDIGM CORPORATION,https://investors.standardbio.com/static-files/9c2efab6-d842-49f1-b85b-8d3f4a10cedd,"Feb 27, 2020 ... ... environmental regulations. ... 2023. In the first quarter of. 2019, the 2018 ... I have reviewed this annual report on Form 10-K of Fluidigm ...",2020-02-27,2020-02-27
FLUIDIGM CORPORATION Sustainability Report 2023 filetype:pdf site:investors.standardbio.com,Form 425 for Standard Biotools INC filed 10/04/2023,https://investors.standardbio.com/static-files/28d3bb27-e763-427f-955a-51756494930b,"Oct 4, 2023 ... ... environmental matters, Hazardous ... August 8, 2023 and on its most recent annual report ... (Nasdaq:LAB), previously known as Fluidigm Corporation ...",2023-10-04,2023-10-04
FLUIDIGM CORPORATION Sustainability Report 2023 filetype:pdf site:investors.standardbio.com,FLUIDIGM CORPORATION,https://investors.standardbio.com/static-files/84710184-971d-4ad8-b43a-5fb6e9f5013c,Indicate by check mark whether the registrant (1) has filed all reports required to be filed by Section 13 or 15(d) of the Securities Exchange Act of 1934 ...,2019-12-28,2019-12-28
"Digi International, Inc. Sustainability Report 2023 filetype:pdf site:digi.gcs-web.com",DIGI INTERNATIONAL INC.,https://digi.gcs-web.com/static-files/8e1b96d5-0581-4317-a649-d5ad6644a928,"Feb 4, 2020 ... Directors Whose Terms Expire in 2023 ... Naguib served as Vice President of Products Network and Security for VMware, Inc., a ... be included in ...",2020-12-10,2020-12-17
Scholastic Corp. Sustainability Report 2023 filetype:pdf site:investor.scholastic.com,SCHOLASTIC CODE OF ETHICS,https://investor.scholastic.com/static-files/5081836c-b92d-41a6-a7bc-016863177c3e,"Each of us possesses unique qualities that set us apart from our co-workers. These include physical appearance, race, gender, and age, as well as political or ...",2014-04-04,2014-04-04
Scholastic Corp. Sustainability Report 2023 filetype:pdf site:scholastic.com,SCHOLASTIC CODE OF ETHICS,https://investor.scholastic.com/static-files/5081836c-b92d-41a6-a7bc-016863177c3e,"Each of us possesses unique qualities that set us apart from our co-workers. These include physical appearance, race, gender, and age, as well as political or ...",2014-04-04,2014-04-04
Scholastic Corp. Sustainability Report 2023 filetype:pdf site:scholastic.com,Reading for Life: The Impact of Youth Literacy on Health Outcomes,https://teacher.scholastic.com/education/researchpdf/topic_paper/ReadforLife.pdf,"New York: Scholastic. TM, ® & © 2023 Scholastic Inc. ... that “to achieve sustainability and the desired ... with school-age children report some form of distance.",2023-05-09,2023-07-21
"Envestnet, Inc. Sustainability Report 2023 filetype:pdf site:envestnet.com",Envestnet Cares - 2023 Charitable Giving Report,https://www.envestnet.com/sites/default/files/2024-02/Envestnet-Corporate-Giving-Report-2023.pdf,"Feb 21, 2024 ... We deeply appreciate the generosity of our employees and their desire to give back to their communities. Annual Corporate Giving. Envestnet ...",2024-02-01,2024-02-02
"Envestnet, Inc. Sustainability Report 2023 filetype:pdf site:envestnet.com",Unlocking Personalization at Scale to Better Help Serve Clients ...,https://go.envestnet.com/l/810433/2023-04-27/tw9xdv,"The 2021 report from Cerulli Associates titled “U.S. ... © 2023 Envestnet, Inc. All rights reserved. For ... Envestnet's Sustainable Investing Taxonomy encompasses ...",2023-05-05,2023-05-05
"Envestnet, Inc. Sustainability Report 2023 filetype:pdf site:envestnet.com",Quarterly Commentary - Quantitative Portfolio: Sustainable ...,https://go.envestnet.com/QRG-QC-SS-EMADR,"Neither Envestnet, nor QRG Capital Management, Inc., nor Envestnet | PMC™ nor its representatives render tax, accounting or legal advice. Any tax statements ...",2024-02-13,2024-02-13
"Envestnet, Inc. Sustainability Report 2023 filetype:pdf site:envestnet.com","10-K - 02/28/2023 - Envestnet, Inc.",https://investor.envestnet.com/sec-filings/all-sec-filings/content/0001337619-23-000012/0001337619-23-000012.pdf,"Feb 28, 2023 ... Indicate by check mark whether the registrant has submitted electronically every Interactive Data File required to be submitted pursuant to ...",2023-02-28,
"Envestnet, Inc. Sustainability Report 2023 filetype:pdf site:envestnet.com",Envestnet Supplier Code of Conduct,https://www.envestnet.com/sites/default/files/2023-09/Envestnet_Supplier_Code_of_Conduct.pdf,© 2023 ENVESTNET. Document contains public information that has been approved for release by the Envestnet Corporate Procurement Team. Public Release ...,2023-09-25,2023-09-25
"Envestnet, Inc. Sustainability Report 2023 filetype:pdf site:envestnet.com",Quarterly Commentary - Quantitative Portfolio: Global Climate ...,https://go.envestnet.com/QRG-QC-SS-GL-CS,"Envestnet utilizes sustainability data provided by a third party for portfolio management and ... QRG is a subsidiary of Envestnet, Inc., and for the ... 2023. The ...",2024-05-09,2024-05-22
"Envestnet, Inc. Sustainability Report 2023 filetype:pdf site:envestnet.com",Quantitative Portfolio: - Large Cap Core Catholic Values,https://go.envestnet.com/QRG-FS-SS-LCC-CV,"Nov 1, 2019 ... Envestnet utilizes sustainability data provided by a third party for portfolio ... QRG is a subsidiary of Envestnet, Inc., and for the ... 2023. The ...",2024-02-13,2024-02-13
"Envestnet, Inc. Sustainability Report 2023 filetype:pdf site:envestnet.com",Quarterly Commentary - Quantitative Portfolio: Factor-Enhanced All ...,https://go.envestnet.com/QRG-QC-FE-AC-VQ,Envestnet utilizes sustainability data provided by a third party for portfolio management and reporting purposes. All sustainability data are believed to be ...,2024-02-13,2024-02-13
"Envestnet, Inc. Sustainability Report 2023 filetype:pdf site:envestnet.com","10-K - 02/28/2024 - Envestnet, Inc.",https://investor.envestnet.com/sec-filings/all-sec-filings/content/0001337619-24-000005/0001337619-24-000005.pdf,"Feb 28, 2024 ... The Company's management is responsible for these consolidated financial statements ... Segment Reporting—On October 1, 2023, the Company ...",2024-02-28,
"Envestnet, Inc. Sustainability Report 2023 filetype:pdf site:envestnet.com","10-Q - 08/04/2023 - Envestnet, Inc.",https://investor.envestnet.com/sec-filings/all-sec-filings/content/0001337619-23-000020/0001337619-23-000020.pdf,"Aug 4, 2023 ... Title of each class. Trading symbol(s). Name of exchange on which registered. Common Stock, par value $0.005 per share.",2023-08-04,
"Envestnet, Inc. Sustainability Report 2023 filetype:pdf site:investor.envestnet.com","10-K - 02/28/2023 - Envestnet, Inc.",https://investor.envestnet.com/sec-filings/all-sec-filings/content/0001337619-23-000012/0001337619-23-000012.pdf,"Feb 28, 2023 ... Indicate by check mark whether the registrant has submitted electronically every Interactive Data File required to be submitted pursuant to ...",2023-02-28,
"Envestnet, Inc. Sustainability Report 2023 filetype:pdf site:investor.envestnet.com","10-K - 02/28/2024 - Envestnet, Inc.",https://investor.envestnet.com/sec-filings/all-sec-filings/content/0001337619-24-000005/0001337619-24-000005.pdf,"Feb 28, 2024 ... The Company's management is responsible for these consolidated financial statements ... Segment Reporting—On October 1, 2023, the Company ...",2024-02-28,
"Envestnet, Inc. Sustainability Report 2023 filetype:pdf site:investor.envestnet.com","10-Q - 08/04/2023 - Envestnet, Inc.",https://investor.envestnet.com/sec-filings/all-sec-filings/content/0001337619-23-000020/0001337619-23-000020.pdf,"Aug 4, 2023 ... Title of each class. Trading symbol(s). Name of exchange on which registered. Common Stock, par value $0.005 per share.",2023-08-04,
"Envestnet, Inc. Sustainability Report 2023 filetype:pdf site:investor.envestnet.com","8-K - 02/22/2024 - Envestnet, Inc.",https://investor.envestnet.com/sec-filings/all-sec-filings/content/0001337619-24-000003/0001337619-24-000003.pdf,"Feb 22, 2024 ... As of October 1, 2023, Envestnet changed its reportable segments to reflect the way that the Company's chief operating decision maker ...",2024-02-22,
"Envestnet, Inc. Sustainability Report 2023 filetype:pdf site:investor.envestnet.com","10-Q - 11/09/2023 - Envestnet, Inc.",https://investor.envestnet.com/sec-filings/all-sec-filings/content/0001337619-23-000024/0001337619-23-000024.pdf,"Nov 9, 2023 ... Title of each class. Trading symbol(s). Name of exchange on which registered. Common Stock, par value $0.005 per share.",2023-11-09,
"Envestnet, Inc. Sustainability Report 2023 filetype:pdf site:investor.envestnet.com","8-K - 03/28/2023 - Envestnet, Inc.",https://investor.envestnet.com/sec-filings/all-sec-filings/content/0000898822-23-000018/0000898822-23-000018.pdf,"Mar 22, 2023 ... On March 27, 2023, Envestnet, Inc. (the “Company”) entered into a cooperation agreement with Impactive Capital LP and Impactive Capital Master ...",2023-03-28,
"Envestnet, Inc. Sustainability Report 2023 filetype:pdf site:investor.envestnet.com","DEF 14A - 04/05/2024 - Envestnet, Inc.",https://investor.envestnet.com/sec-filings/all-sec-filings/content/0001104659-24-044267/0001104659-24-044267.pdf,"Apr 5, 2024 ... Fiscal Year 2023 Achievements: Revenue Consistency: Maintained at $1.2 billion, in line with the previous year. EBITDA Growth: Adjusted EBITDA ...",2024-04-05,
"Envestnet, Inc. Sustainability Report 2023 filetype:pdf site:investor.envestnet.com",UNITED STATES SECURITIES AND EXCHANGE COMMISSION ...,https://investor.envestnet.com/sec-filings/annual-reports/content/0001628280-22-003985/0001628280-22-003985.pdf,"Feb 25, 2022 ... In connection with the Annual Report of Envestnet, Inc. (the “Company”) on Form 10‑K for the period ended December 31, 2021 as filed with ...",2022-02-25,
"Envestnet, Inc. Sustainability Report 2023 filetype:pdf site:investor.envestnet.com","DEF 14A - 04/06/2022 - Envestnet, Inc.",https://investor.envestnet.com/sec-filings/all-sec-filings/content/0001337619-22-000003/0001337619-22-000003.pdf,"Apr 6, 2022 ... Providing access to sustainable investing is an important component of our financial wellness ecosystem, and a key element in building ...",2022-04-06,
"Envestnet, Inc. Sustainability Report 2023 filetype:pdf site:investor.envestnet.com",UNITED STATES SECURITIES AND EXCHANGE COMMISSION ...,https://investor.envestnet.com/sec-filings/all-sec-filings/content/0001628280-20-007208/0001628280-20-007208.pdf,"Mar 31, 2020 ... ... 2023 was 6 ... responsible investing, aggregated multi‑custodian performance reporting ... In connection with the Quarterly Report of Envestnet, Inc ...",2020-07-30,
Starbucks Corp. Sustainability Report 2023 filetype:pdf site:content-prod-live.cert.starbucks.com,2019 Sustainability Bond Use of Proceeds Report,https://content-prod-live.cert.starbucks.com/binary/v2/asset/137-71977.pdf,To the Management of Starbucks Corporation: We have examined management of Starbucks Corporation's assertion included in the accompanying.,2020-12-07,2021-06-16
Starbucks Corp. Sustainability Report 2023 filetype:pdf site:content-prod-live.cert.starbucks.com,Starbucks Corporation - Climate Change 2023,https://content-prod-live.cert.starbucks.com/binary/v2/asset/137-88326.pdf,"At Starbucks, our vision to date regarding the health of the environment has been simple: sustainable coffee, served sustainably. Grounded in a history of ...",2023-08-10,2024-01-11
Starbucks Corp. Sustainability Report 2023 filetype:pdf site:content-prod-live.cert.starbucks.com,Independent Assurance Report from Moss Adams,https://content-prod-live.cert.starbucks.com/binary/v2/asset/137-71922.pdf,We have examined the data identified below (the Data) contained within the Starbucks Coffee Company's. Global Social Impact Report (the Report) for the ...,2020-07-06,2021-06-17
Starbucks Corp. Sustainability Report 2023 filetype:pdf site:content-prod-live.cert.starbucks.com,Starbucks Corporation - Climate Change 2022,https://content-prod-live.cert.starbucks.com/binary/v2/asset/137-83561.pdf,"At Starbucks, our vision to date regarding the health of the environment has been simple: sustainable coffee, served sustainably. Grounded in a history of ...",2023-03-22,
Starbucks Corp. Sustainability Report 2023 filetype:pdf site:content-prod-live.cert.starbucks.com,1 STARBUCKS CORPORATION AUDIT AND COMPLIANCE ...,https://content-prod-live.cert.starbucks.com/binary/v2/asset/137-88345.pdf,"Jan 9, 2024 ... accounting and financial reporting processes of Starbucks Corporation (the “Company”) and the internal ... Company's internal control environment.",2024-01-12,2024-01-12
Starbucks Corp. Sustainability Report 2023 filetype:pdf site:content-prod-live.cert.starbucks.com,Starbucks Zero Tolerance Standards: Non-negotiable areas for all ...,https://content-prod-live.cert.starbucks.com/binary/v2/asset/137-70080.pdf,© 2006 Starbucks Coffee Company. All rights ... © 2006 Starbucks Coffee Company. All rights reserved ... Environmental Permits and Reporting. All required ...,2018-05-07,2018-05-07
Starbucks Corp. Sustainability Report 2023 filetype:pdf site:content-prod-live.cert.starbucks.com,1. Purpose 2. Scope 3. Terms and Definitions,https://content-prod-live.cert.starbucks.com/binary/v2/asset/137-70081.pdf,"Jul 3, 2016 ... This document defines food safety and quality systems requirements for Starbucks food and beverage suppliers in Company Owned markets. 2. Scope.",2020-09-08,2020-11-24
Starbucks Corp. Sustainability Report 2023 filetype:pdf site:content-prod-live.cert.starbucks.com,User Guide Template,https://content-prod-live.cert.starbucks.com/binary/v2/asset/137-87912.pdf,"Nov 28, 2023 ... If the supplier is unable to provide a SOC report ... © 2021 Starbucks Coffee company. All rights reserved. 21. 2. Italy Environmental Labels.",2023-12-13,2023-12-13
Starbucks Corp. Sustainability Report 2023 filetype:pdf site:content-prod-live.cert.starbucks.com,Untitled,https://content-prod-live.cert.starbucks.com/binary/v2/asset/137-88055.pdf,Starbucks Coffee Company is deeply committed to ensuring equal opportunity and a workplace free ... She will monitor compliance with this policy and will report ...,,
Starbucks Corp. Sustainability Report 2023 filetype:pdf site:content-prod-live.cert.starbucks.com,Supplier Guidance Global Requirements,https://content-prod-live.cert.starbucks.com/binary/v2/asset/137-82513.pdf,"Dec 5, 2022 ... ... report with stated dates that coincide with Starbucks' fiscal year, a ... Company Asia Pacific Routing Guide for Inbound Logistics for Starbucks ...",2022-12-13,2022-12-13
"Duluth Holdings, Inc. Sustainability Report 2023 filetype:pdf site:ir.duluthtrading.com",DULUTH HOLDINGS INC. 2022 ANNUAL REPORT,https://ir.duluthtrading.com/static-files/bf76bee1-e93d-4991-8f00-6f34dc284606,"Since then, we have expanded our retail presence, and as of January 29, 2023, we operated 62 retail stores and three outlet stores. Duluth Trading was founded ...",2023-04-07,2023-04-07
"Duluth Holdings, Inc. Sustainability Report 2023 filetype:pdf site:ir.duluthtrading.com",DULUTH HOLDINGS INC. 2023 ANNUAL REPORT,https://ir.duluthtrading.com/static-files/313f872a-1bce-42a1-8505-5a77bb90b699,"Mar 22, 2024 ... Durability is sustainability, as products that last longer result in less waste in landfills. DEAR FELLOW SHAREHOLDERS,. 2023 WAS A YEAR OF ...",2024-03-28,2024-03-28
"Duluth Holdings, Inc. Sustainability Report 2023 filetype:pdf site:ir.duluthtrading.com",Form SD for Duluth Holdings INC filed 05/30/2023,https://ir.duluthtrading.com/static-files/6f36a9fe-4cca-47ca-850d-cf291d2f64e2,e-Sustainability Initiative Conflict Minerals Reporting Template (“CMRT”) via electronic mail. 3. We instructed each of our in-scope suppliers to work with ...,2023-05-30,2023-05-30
"Duluth Holdings, Inc. Sustainability Report 2023 filetype:pdf site:ir.duluthtrading.com",Untitled,https://ir.duluthtrading.com/static-files/1410f9c6-a742-4b1e-b40c-88a8d95f3122,"proceeds from that sale were used to fund the growth of Duluth Trading. With that transaction, GEMPLER'S changed its corporate name to Duluth Holdings Inc.",2021-04-02,2021-04-02
"ViaSat, Inc. Sustainability Report 2023 filetype:pdf site:investors.viasat.com",Annual Report,https://investors.viasat.com/static-files/2508fb32-9e33-47d9-8d5a-f04d1cbf76e3,"We are proud to announce our first Corporate Social Responsibility (CSR) report ... 2021, 2022, 2023, 2024 and 2025, respectively ... 92 | Viasat Annual Report 2020 ...",2020-07-21,2020-07-23
"ViaSat, Inc. Sustainability Report 2023 filetype:pdf site:investors.viasat.com",Viasat Provides an Interim Update on VS-3 F1 Satellite Status and ...,https://investors.viasat.com/node/25156/pdf,"Oct 12, 2023 ... CARLSBAD, Calif., Oct. 12, 2023 /PRNewswire/ -- Viasat, Inc. (NASDAQ: VSAT), a global leader in satellite communications, today announced ...",2023-10-12,
"ViaSat, Inc. Sustainability Report 2023 filetype:pdf site:investors.viasat.com",Form 8-K for Viasat INC filed 10/12/2023,https://investors.viasat.com/static-files/f88d0c42-9f8a-4952-97da-186555579206,"Oct 12, 2023 ... Date of Report (Date of earliest event reported): October 12, 2023 ... including the attainment and sustainability ... Viasat's most recent Annual ...",2023-10-12,2023-10-12
"ViaSat, Inc. Sustainability Report 2023 filetype:pdf site:investors.viasat.com","Viasat, Deutsche Telekom Commit Long-Term To Deliver In-Flight ...",https://investors.viasat.com/node/25196/pdf,"Nov 7, 2023 ... CARLSBAD, Calif., Nov. 7, 2023 /PRNewswire/ -- Viasat Inc. (NASDAQ: VSAT), a leader in global communications, and Deutsche Telekom today.",2023-11-07,
"ViaSat, Inc. Sustainability Report 2023 filetype:pdf site:investors.viasat.com",Viasat and Skylo Technologies Launch First Global Direct-to-Device ...,https://investors.viasat.com/node/25266/pdf,"Nov 16, 2023 ... CARLSBAD, Calif., Nov. 16, 2023 /PRNewswire/ -- Viasat, Inc. (NASDAQ: VSAT), a global leader in satellite communications, and Skylo.",2023-11-16,
"ViaSat, Inc. Sustainability Report 2023 filetype:pdf site:investors.viasat.com",Form DEF 14A for Viasat INC filed 07/21/2022,https://investors.viasat.com/static-files/066949bb-f818-4cf1-bad1-186127dce955,"Aug 31, 2022 ... Published inaugural Environmental, Social and Governance Impact Report ... be included in Viasat's annual report on ... Stockholder Proposals for ...",2022-07-22,2022-07-22
"ViaSat, Inc. Sustainability Report 2023 filetype:pdf site:investors.viasat.com",Lufthansa Group Selects Viasat for In-Flight Connectivity Upgrades,https://investors.viasat.com/node/25386/pdf,"Jan 24, 2024 ... CARLSBAD, Calif., Jan. 24, 2024 /PRNewswire/ -- Viasat, Inc. (NASDAQ: VSAT), a leader in global communications, today announced that ...",2024-01-24,
"ViaSat, Inc. Sustainability Report 2023 filetype:pdf site:investors.viasat.com",Viasat Completes Acquisition of Inmarsat,https://investors.viasat.com/node/24551/pdf,"May 31, 2023 ... CARLSBAD, Calif., May 31, 2023 /PRNewswire/ -- Viasat Inc., ... company's business; changes in the global business environment and economic.",2023-05-31,
"ViaSat, Inc. Sustainability Report 2023 filetype:pdf site:investors.viasat.com","VIASAT, INC.",https://investors.viasat.com/static-files/43dbd056-808f-40b1-ac47-9aa8bd8b2fde,"Nov 8, 2021 ... ... Report on Form 8-K and is incorporated ... Company's 2023 annual meeting of ... Viasat's Corporate Blog, or follow the Company on social media at:.",2021-11-08,2021-11-08
"ViaSat, Inc. Sustainability Report 2023 filetype:pdf site:viasat.com",ESG performance tables FY23,https://www.viasat.com/content/dam/us-site/corporate/documents/FY23-ESG-Impact-Report-Tables.pdf,"Sustainability reporting for Viasat is in line with its fiscal reporting period, April 1, 2022 through March 31, 2023, unless otherwise noted. The ...",2023-08-30,2023-08-30
"ViaSat, Inc. Sustainability Report 2023 filetype:pdf site:viasat.com","FY23 Environmental, Social, Governance (ESG) Impact Report | Viasat",https://www.viasat.com/content/dam/us-site/corporate/documents/1820176-FY23-ESG-Impact-Report-018.pdf,"Aug 31, 2023 ... Viasat Inc. (Nasdaq: VSAT) is a global ... an annual sustainability report and ... full-time hire needs, and in summer 2023, Viasat will pilot an ...",2023-08-31,2023-08-31
"ViaSat, Inc. Sustainability Report 2023 filetype:pdf site:viasat.com",Viasat FY2023 greenhouse gas inventory report,https://www.viasat.com/content/dam/us-site/corporate/documents/ESG-Impact-Report-GHG-Verification-update-2024-5774784602-004%20(1).pdf,"... 2023) Greenhouse Gas report (GHG) has been prepared in accordance with ... Viasat's Sustainability Management, within the ... Reporting company. Viasat, Inc. Person ...",2024-03-20,2024-03-20
"ViaSat, Inc. Sustainability Report 2023 filetype:pdf site:viasat.com","GAO-22-105166, Large Constellations of Satellites: Mitigating ...",https://www.viasat.com/content/dam/us-site/corporate/documents/gao-22-105166.pdf,"Sep 29, 2022 ... See Viasat, Inc v. FCC, No. 21-1123 (D.C. ... Olivari, “Space Sustainability: ... European Space Agency, ESA Space. Debris Office, ESA's Annual ...",2022-09-26,2022-09-28
"ViaSat, Inc. Sustainability Report 2023 filetype:pdf site:viasat.com",Annual Report,https://investors.viasat.com/static-files/2508fb32-9e33-47d9-8d5a-f04d1cbf76e3,"We are proud to announce our first Corporate Social Responsibility (CSR) report ... 2021, 2022, 2023, 2024 and 2025, respectively ... 92 | Viasat Annual Report 2020 ...",2020-07-21,2020-07-23
"ViaSat, Inc. Sustainability Report 2023 filetype:pdf site:viasat.com",Viasat Provides an Interim Update on VS-3 F1 Satellite Status and ...,https://investors.viasat.com/node/25156/pdf,"Oct 12, 2023 ... CARLSBAD, Calif., Oct. 12, 2023 /PRNewswire/ -- Viasat, Inc. (NASDAQ: VSAT), a global leader in satellite communications, today announced ...",2023-10-12,
"ViaSat, Inc. Sustainability Report 2023 filetype:pdf site:viasat.com",Form 8-K for Viasat INC filed 10/12/2023,https://investors.viasat.com/static-files/f88d0c42-9f8a-4952-97da-186555579206,"Oct 12, 2023 ... Date of Report (Date of earliest event reported): October 12, 2023 ... including the attainment and sustainability ... Viasat's most recent Annual ...",2023-10-12,2023-10-12
"ViaSat, Inc. Sustainability Report 2023 filetype:pdf site:viasat.com",Ensuring Innovation and Growth Opportunities in the New Space Age,https://www.viasat.com/content/dam/us-site/corporate/documents/Ensuring%20Innovation%20and%20New%20Opportunities%20in%20the%20New%20Space%20Age%20(Updated%20March%2023)%20(A4).pdf,"... 2023), at 28-29. Resolution 76 is discussed below ... https://www.viasat.com/space-innovation ... 46. See ESA's Annual Space Environment Report, at 52-54 (Apr.",2023-03-24,2023-03-24
"ViaSat, Inc. Sustainability Report 2023 filetype:pdf site:viasat.com","Viasat, Deutsche Telekom Commit Long-Term To Deliver In-Flight ...",https://investors.viasat.com/node/25196/pdf,"Nov 7, 2023 ... CARLSBAD, Calif., Nov. 7, 2023 /PRNewswire/ -- Viasat Inc. (NASDAQ: VSAT), a leader in global communications, and Deutsche Telekom today.",2023-11-07,
"ViaSat, Inc. Sustainability Report 2023 filetype:pdf site:viasat.com",Viasat and Skylo Technologies Launch First Global Direct-to-Device ...,https://investors.viasat.com/node/25266/pdf,"Nov 16, 2023 ... CARLSBAD, Calif., Nov. 16, 2023 /PRNewswire/ -- Viasat, Inc. (NASDAQ: VSAT), a global leader in satellite communications, and Skylo.",2023-11-16,
Nederlandse Waterschapsbank NV Sustainability Report 2023 filetype:pdf site:nwbbank.com,Annual report 2022 | NWB Bank,https://nwbbank.com/application/files/7416/8544/6478/NWB_Bank_Annual_report_2022.pdf,"Apr 28, 2021 ... The Dutch copy of this annual report of Nederlandse Waterschapsbank N.V. for the reporting ... annual report 2023. REMUNERATION OF THE ...",2023-05-11,2023-05-11
Nederlandse Waterschapsbank NV Sustainability Report 2023 filetype:pdf site:nwbbank.com,Annual Report 2023 | NWB Bank,https://nwbbank.com/application/files/4617/1109/2687/Annual_Report_2023_NWB_Bank.pdf,"Mar 21, 2024 ... to sustainability reporting), which is a specified Dutch Standard that is ... © 2024 | Nederlandse Waterschapsbank N.V.. 211. ANNUAL REPORT 2023 |",2024-03-22,2024-03-22
Nederlandse Waterschapsbank NV Sustainability Report 2023 filetype:pdf site:nwbbank.com,Annual report 2021,https://nwbbank.com/application/files/9816/5468/9535/NWB_Bank_Annual_report_2021.pdf,"Apr 28, 2021 ... ... social housing in the Netherlands and a Water Bond to finance water ... Nederlandse Waterschapsbank N.V. ('NWB Bank'), based in The Hague.",2022-04-14,2022-04-14
Nederlandse Waterschapsbank NV Sustainability Report 2023 filetype:pdf site:nwbbank.com,Half-year report 2023 | NWB Bank,https://nwbbank.com/application/files/3916/9295/9815/Half-year_report_2023.pdf,"Jun 30, 2023 ... Nederlandse Waterschapsbank N.V. (hereinafter: NWB Bank) a public limited liability company with its official place of business at ...",2023-08-25,2023-08-25
Nederlandse Waterschapsbank NV Sustainability Report 2023 filetype:pdf site:nwbbank.com,Annual report 2019,https://nwbbank.com/application/files/3715/8745/9091/Annual_report_2019_NWB_Bank.pdf,"Apr 16, 2020 ... ... audit of the sustainability information'. We are independent of Nederlandse Waterschapsbank N.V. in accordance with the “Verordening inzake de.",2020-04-20,2020-04-20
Nederlandse Waterschapsbank NV Sustainability Report 2023 filetype:pdf site:nwbbank.com,SDG Housing Bond Report,https://nwbbank.com/application/files/4717/0930/0221/SDG_Housing_bond_Report_2022.pdf,listed SMEs to report on sustainability according to ... The ending of the social housing levy in 2023 is part of the ... Nederlandse Waterschapsbank N.V. (the ...,2023-06-14,2023-06-14
Nederlandse Waterschapsbank NV Sustainability Report 2023 filetype:pdf site:nwbbank.com,SDG Housing Bond,https://nwbbank.com/application/files/7016/6264/5622/SDG_Housing_Bond_Report_2019_5.pdf,"approximately 26,000 new houses per year by 2023, which will ... as this Social Report, which is available on its ... Nederlandse Waterschapsbank N.V. (the “Company ...",2020-03-25,2020-03-27
Nederlandse Waterschapsbank NV Sustainability Report 2023 filetype:pdf site:nwbbank.com,Annual report 2020,https://nwbbank.com/application/files/5816/1847/2229/NWB_Bank_Annual_report_2020.pdf,"Apr 15, 2021 ... ANNUAL REPORT. Our opinion. We have audited the financial statements 2020 of Nederlandse Waterschapsbank N.V. ( 'NWB Bank'), based in. The ...",2021-04-14,2021-04-14
Nederlandse Waterschapsbank NV Sustainability Report 2023 filetype:pdf site:nwbbank.com,GRI TABLE,https://nwbbank.com/application/files/3415/7841/4162/GRI_Table_NWB_Bank_2018.pdf,"Nederlandse Waterschapsbank N.V. (trade name: NWB Bank) ... 2023. NWB Bank has set ... This results in a publicly accessible report called ""Climate Monitor Water.",2019-04-16,2019-04-18
Nederlandse Waterschapsbank NV Sustainability Report 2023 filetype:pdf site:nwbbank.com,Water Bond Report,https://nwbbank.com/application/files/9816/8967/9242/NWB_Bank_Newsletter_Waterbonds_2022.pdf,"provide enough sustainable heat to heat around 20,000 homes from the end of 2023. ... WATER BOND REPORT. Page 22. Dutch ... Nederlandse Waterschapsbank N.V. (the ...",2023-07-17,2023-07-17
AMMB Holdings Bhd. Sustainability Report 2023 filetype:pdf site:ambankgroup.com,2022 SUSTAINABILITY REPORT AMMB HOLDINGS BERHAD,https://www.ambankgroup.com/eng/InvestorRelations/AnnualReports/Documents/2022/AMMB%20SR22%20v6.pdf,"Mar 31, 2022 ... Provides detailed reporting of Financial. Statements and the Audited Annual Financial. Results for FY2022 and our outlook for FY2023. FRAMEWORKS ...",2022-07-12,2022-07-12
AMMB Holdings Bhd. Sustainability Report 2023 filetype:pdf site:ambankgroup.com,ACCELERATING,https://www.ambankgroup.com/eng/InvestorRelations/AnnualReports/Documents/2023/renamed%20files/Financial%20Report%202023.pdf,"May 29, 2023 ... AMMB Holdings Berhad's Financial Report (AmBank Group. Financial Report 2023) ... Sdn. Bhd. Sustainability Report. CONTENT. Provides a thorough ...",2023-07-18,2023-07-18
AMMB Holdings Bhd. Sustainability Report 2023 filetype:pdf site:ambankgroup.com,AMMB HOLDINGS BERHAD 2022 INTEGRATED REPORT,https://www.ambankgroup.com/eng/InvestorRelations/AnnualReports/Documents/2022/AMMB%20IR22%20Website.pdf,"Jul 15, 2022 ... Provides detailed reporting of Financial. Statements and the Audited Annual Financial. Results for FY2022 and our outlook for FY2023. FRAMEWORKS ...",2022-07-12,2022-07-15
AMMB Holdings Bhd. Sustainability Report 2023 filetype:pdf site:ambankgroup.com,ACCELERATING,https://www.ambankgroup.com/eng/InvestorRelations/AnnualReports/Documents/2023/20230803/Integrated%20Annual%20Report%202023.pdf,"Aug 21, 2023 ... to green their operations via the. GVC Programme. Page 8. AMMB HOLDINGS BERHAD. 6. INTEGRATED ANNUAL REPORT 2023. WHERE WE OPERATE. We are one ...",2023-08-03,2023-08-03
AMMB Holdings Bhd. Sustainability Report 2023 filetype:pdf site:ambankgroup.com,2022 FINANCIAL REPORT AMMB HOLDINGS BERHAD,https://www.ambankgroup.com/eng/InvestorRelations/AnnualReports/Documents/2022/AMMB%20FR22%20Website.pdf,"May 30, 2022 ... Provides detailed reporting of Financial. Statements and the Audited Annual Financial. Results for FY2022 and our outlook for FY2023. FRAMEWORKS ...",2022-07-12,2022-07-12
AMMB Holdings Bhd. Sustainability Report 2023 filetype:pdf site:ambankgroup.com,Statement Sustainability,https://www.ambankgroup.com/eng/InvestorRelations/AnnualReports/Documents/2021/SustainabilityReport.pdf,"Feb 25, 2021 ... This includes channelling funds and expertise into developing SMEs, start-ups, affordable housing and the green sector. AMMB HOLDINGS BERHAD.",2021-08-20,2021-08-20
AMMB Holdings Bhd. Sustainability Report 2023 filetype:pdf site:ambankgroup.com,Our Competitive Advantage AmInvestment Bank,https://www.ambankgroup.com/eng/InvestorRelations/AnnualReports/Documents/2023/AmInvestmentBank.pdf,AMMB HOLDINGS BERHAD. INTEGRATED ANNUAL REPORT 2023. BUSINESS REVIEW. TRACY CHEN WEE KENG. Chief Executive Officer. AmInvestment Bank Berhad. Our Competitive ...,2023-07-24,2023-07-24
AMMB Holdings Bhd. Sustainability Report 2023 filetype:pdf site:ambankgroup.com,Corporate Governance Report 2022,https://www.ambankgroup.com/eng/InvestorRelations/AnnualReports/Documents/2022/Corporate%20Governance%20Report%202022.pdf,"Dec 6, 2021 ... Eqhwan Mokhzanee bin Muhammad, the CEO of AmBank Islamic. Berhad, being the Group Sustainability Champion, is responsible to oversee the Group ...",2022-07-14,2022-07-14
AMMB Holdings Bhd. Sustainability Report 2023 filetype:pdf site:ambankgroup.com,TOWARDS A DIGITALISED FUTURE,https://www.ambankgroup.com/eng/InvestorRelations/AnnualReports/Documents/2021/AMMB%20INTEGRATED%20REPORT%202021.pdf,"Jul 30, 2021 ... ... AMMB HOLDINGS BERHAD. INTEGRATED REPORT. 2021. 04. OVERVIEW OF. AmBank GROUP. Page 7. AmBank Group is a leading financial services group with ...",2021-07-30,2021-08-03
AMMB Holdings Bhd. Sustainability Report 2023 filetype:pdf site:ambankgroup.com,Untitled,https://www.ambankgroup.com/eng/InvestorRelations/AnnualReports/Documents/2017/AMMBAR2017.pdf,"Jun 30, 2017 ... ... Corporate Section. The Annual Report of AMMB Holdings Berhad is our main report of the year. It provides our stakeholders with the ...",2017-06-29,2017-06-30
IndusInd Bank Ltd. Sustainability Report 2023 filetype:pdf site:indusind.com,BUSINESS RESPONSIBILITY & SUSTAINABILITY REPORT,https://www.indusind.com/content/dam/indusind-corporate/generic/IndusIndBank_AnnualReport2022-23_BRSR_01082023.pdf,"Jul 24, 2023 ... ... Bank Awards 2023, marking its second consecutive win. ... engagement, to report on IndusInd Bank Limited BRSR (Business Responsibility and ...",2023-08-01,2023-08-01
IndusInd Bank Ltd. Sustainability Report 2023 filetype:pdf site:indusind.com,IndusInd Bank Integrated Report 2021-22,https://www.indusind.com/content/dam/indusind-corporate/generic/IndusInd-Bank-Integrated-Report-2021-22.pdf,the 75 banks globally to be included in the S&P DJSI. Sustainability Yearbook 2023 for 3 consecutive years. ESG Ratings/ Score. Refintiv. The Bank has been a ...,2023-04-10,2023-04-10
IndusInd Bank Ltd. Sustainability Report 2023 filetype:pdf site:indusind.com,IndusInd Bank Integrated Report 2022-23,https://www.indusind.com/content/dam/indusind-corporate/generic/IndusInd_Bank_Integrated_Report_2022-23.pdf,"Jan 25, 2024 ... The Bank is committed to creating long-term value for its stakeholders and has been reporting its sustainability efforts proactively since 2011.",2024-03-06,2024-03-06
IndusInd Bank Ltd. Sustainability Report 2023 filetype:pdf site:indusind.com,Annual Report 2022-23,https://www.indusind.com/content/dam/indusind-corporate/investor-resource/latest-annual-report/annual_report_2022-23.pdf,"Jul 24, 2023 ... With board-level involvement in environmental, social, and governance policies, IndusInd ... IndusInd Bank Limited. A relevant business ... 2023. 03.",2023-08-02,2023-08-02
IndusInd Bank Ltd. Sustainability Report 2023 filetype:pdf site:indusind.com,BUSINESS RESPONSIBILITY & SUSTAINABILITY REPORTING,https://www.indusind.com/content/dam/indusind-corporate/generic/Business-Responsibility-and-Sustainability-Report-BRSR-FY2021-22.pdf,"Yes. The Board has an overall responsibility for oversight of bank. Sustainability & ESG strategy. ... It is the policy of IndusInd Bank Ltd, to be an Equal ...",2022-09-01,2022-09-02
IndusInd Bank Ltd. Sustainability Report 2023 filetype:pdf site:indusind.com,Nurturing Growth through Sustainability,https://www.indusind.com/content/dam/indusind-corporate/generic/IndusIndBank-IR-2019-20-30122020-V2.pdf,"Mar 31, 2020 ... IndusInd Bank Ltd. has been voluntarily ... Note: IndusInd Bank also publishes a separate annual report prepared in ... 2023-24. The strategic ...",2020-12-30,2020-12-30
IndusInd Bank Ltd. Sustainability Report 2023 filetype:pdf site:indusind.com,ESG Targets & Disclosures,https://www.indusind.com/content/dam/indusind-corporate/generic/sustainability-at-indusind.pdf,"Mar 1, 2019 ... IndusInd Bank has not only started this journey early with 8 years of Sustainability reporting, but is also the only Bank and amongst only 5 ...",2019-03-07,2019-03-07
IndusInd Bank Ltd. Sustainability Report 2023 filetype:pdf site:indusind.com,Environmental and Social Management System,https://www.indusind.com/content/dam/indusind-corporate/generic/ESMS.pdf,IndusInd Bank Limited – ESMS Policy. Environmental ... IndusInd Bank has been reporting on its sustainability performance since the financial year 2011 including.,2022-12-14,2022-12-14
IndusInd Bank Ltd. Sustainability Report 2023 filetype:pdf site:indusind.com,IndusInd Bank Integrated Report 2018-19,https://www.indusind.com/content/dam/indusind-corporate/generic/IndusInd-Bank-Integrated-Report-2018-19.pdf,Message from the Managing Director. 2. Report at a Glance. 5. Value Creation Framework. 7. Banking for Sustainable Livelihood.,2020-01-14,2020-01-15
IndusInd Bank Ltd. Sustainability Report 2023 filetype:pdf site:indusind.com,Sustainability Policy,https://www.indusind.com/content/dam/indusind-corporate/Other/sustainability/SustainabilityPolicy.pdf,31-July-2023 ... reporting and following various reporting ... IndusInd Bank Limited. Sustainability Policy. Page 12 of 12. Review of the Sustainability Policy.,2023-12-20,2023-12-20
Kommunalbanken AS Sustainability Report 2023 filetype:pdf site:kbn.com,Annual Report 2023,https://www.kbn.com/globalassets/dokumenter/finansielle-rapporter/arsrapport/kbn-annual-report-2023.pdf,"Mar 14, 2024 ... Annual Report 2023 | Sustainability. 75. Page 76. The Board of Directors' Report 2023. KBN's activities in 2023. Kommunalbanken AS (hereinafter ...",2024-03-15,2024-03-15
Kommunalbanken AS Sustainability Report 2023 filetype:pdf site:kbn.com,Annual report 2022,https://www.kbn.com/globalassets/dokumenter/finansielle-rapporter/arsrapport/annual-report_2022.pdf,"Feb 27, 2023 ... commenced in 2023, and KBN will report on progress in its future sustainability reporting. 6. Taxation and prevention of financial.",2023-08-03,2023-08-03
Kommunalbanken AS Sustainability Report 2023 filetype:pdf site:kbn.com,KBN Annual Report 2021,https://www.kbn.com/globalassets/dokumenter/finansielle-rapporter/arsrapport/kbn-annual-report-2021.pdf,"Feb 25, 2022 ... AUD 450 mn Green ... 1 From 2023 onwards, this declaration will be replaced by a salary report ... Independent auditor's report - Kommunalbanken AS ...",2022-04-28,2022-04-28
Kommunalbanken AS Sustainability Report 2023 filetype:pdf site:kbn.com,ANNUAL REPORT 2018,https://www.kbn.com/globalassets/dokumenter/finansielle-rapporter/arsrapport/annual-report-2018-kbn.pdf,"Feb 28, 2019 ... Independent auditor's report - Kommunalbanken AS. A member firm of Ernst & Young Global Limited by internal experts. We assessed pricing ...",2019-05-21,2019-05-21
Kommunalbanken AS Sustainability Report 2023 filetype:pdf site:kbn.com,Impact Report 2022 (pdf),https://www.kbn.com/globalassets/dokumenter/funding/green-bond-documents/impact-report-2022.pdf,"Feb 27, 2023 ... This report presents the environmental impact of KBN's green loan programme as of. 31 December 2022. All funds raised by KBN's green bond ...",2023-03-02,2023-03-02
Kommunalbanken AS Sustainability Report 2023 filetype:pdf site:kbn.com,KBN Annual report 2020,https://www.kbn.com/globalassets/dokumenter/finansielle-rapporter/arsrapport/kbn-annual-report-2020.pdf,"Feb 25, 2021 ... practice for sustainability work and sustainability reporting ... KBN's 2021-2023 strategy, “Building a sustainable society”, states that “KBN ...",2021-05-03,2021-05-03
Kommunalbanken AS Sustainability Report 2023 filetype:pdf site:kbn.com,Impact Report,https://www.kbn.com/globalassets/dokumenter/funding/green-bond-documents/kbn-impact-report-2023.pdf,"Mar 14, 2024 ... Kommunalbanken Norway (KBN) is a fully state-owned company, and our mandate is to provide the local government.",2024-03-13,2024-03-13
Kommunalbanken AS Sustainability Report 2023 filetype:pdf site:kbn.com,KBN — Impact Report — 2021,https://www.kbn.com/globalassets/dokumenter/funding/green-bond-documents/kbn-impact-report-2021.pdf,"Feb 25, 2022 ... This report presents the environmental impact of KBN's green loan program as of. 31 December 2021. All funds raised by KBN's green bond ...",2022-02-24,2022-02-24
Kommunalbanken AS Sustainability Report 2023 filetype:pdf site:kbn.com,Report for 1st quarter 2023,https://www.kbn.com/globalassets/dokumenter/finansielle-rapporter/q1/kbn-quarterly-report-q1-2023.pdf,"Apr 30, 2023 ... KBN has a strong market position and seeks to use this to promote sustainable communities. We are committed to ensuring municipalities make ...",2023-05-24,2023-05-24
Kommunalbanken AS Sustainability Report 2023 filetype:pdf site:kbn.com,KBN Green Bond Framework 2024,https://www.kbn.com/globalassets/dokumenter/funding/green-bond-documents/kbn-green-bond-framework-2024.pdf,"Kommunalbanken AS (“KBN”) is among the largest financial ... Sustainability and Sustainability-Linked. Bonds ... 4), 5) Annual Report (2023) · 6) KBN 2024-2026 ...",2024-04-12,2024-04-12
Scor SE Sustainability Report 2023 filetype:pdf site:scor.com,Press release,https://www.scor.com/en/download/file?token=def502009ba88e7913fd129b15dfdd1e221a96c51fd7c98a2bd4df448a9964e69b505ade79e93754046bc1139670e3da840f39d8d57615acca807a1506f2b85788b76abad6362337e01d8c7d4e25c0a7c0b3c575113aa16c8ae70090e3cd71a555c954c5372721f48593aba3a62d9cee8ca07443ef6e1139204bb431be2790448ccf56fb08,"Mar 6, 2024 ... SCOR performed its annual P&C reserves review in Q4 2023, setting all lines of its P&C reserves at best estimate, with an increase in the ...",2024-03-05,2024-03-05
Scor SE Sustainability Report 2023 filetype:pdf site:scor.com,Solvency and Financial Condition Report 2023 | SCOR,https://www.scor.com/en/download/file?token=def502002d6ccced180ff7a0cd6595833e70e227b4a37f0145aaccef9dad2f48d73d8a05fd236f677b46a93a6f89bb1b0e5e84e44963e1a6fd93030765900c1efde6bbf2ee3c5b26c9bb86f3589ea77195a7980d37cec102e48c5660908ffcd4a1a410363aa22d723636450277520109a7b9dc90683e42ba02641b3dc38226a60340e9b2b0,"The following three subsidiaries of SCOR SE, which are also EEA regulated reinsurance undertakings, have published separate.",2024-04-04,2024-04-04
Scor SE Sustainability Report 2023 filetype:pdf site:scor.com,SOLVENCY AND FINANCIAL CONDITION REPORT AS OF 31 ...,https://www.scor.com/download/file?token=def50200001c804760e0deacc997645d0d3e26b27e8af9d050eed8efd3d7b8cccc0cc7c5cf0dabe526bf89e7caf2950c92868bab0b038a25a9ee74eda43ba857e04bc1c237a1edde02a1b9a4465f6f22e41d743281fd1308053eea7b39658771864ebe192f049f0882db468ed3b0bf54cf772e0e5ae595cdb52947d50ca687b346fffaa533,"Dec 31, 2023 ... ▫ Solvency and Financial Condition Report for SCOR Group and SCOR SE as of December 31, 2023 (further referred to as SCOR Group SFCR) and ...",2024-04-05,2024-04-05
Scor SE Sustainability Report 2023 filetype:pdf site:scor.com,STRIVING FOR SUSTAINABLE AND SOCIALLY RESPONSIBLE ...,https://www.scor.com/sites/default/files/scor_esg_2018_en.pdf,"Dec 1, 2018 ... ESG REPORT SCOR 2018. ESG REPORT SCOR 2018 ... SCOR's environmental and social commitment has also ... wholly owned subsidiary of SCOR SE, SCOR IP ...",2019-03-20,2019-03-20
Scor SE Sustainability Report 2023 filetype:pdf site:scor.com,Press Release January 2023 P&C Renewal Results SCOR ...,https://www.scor.com/en/download/file?token=def50200b371d6eacd56074dfe831e9532186fd25f998d93e6431115f174043a54816809034f3f07cb1e2699f1aba118fc3442ff1c1a50e8777b915612414c6587ff71ae9b313bb68ca2e11c6f5d155f0413f36efe6bc0fff9edf09703c84cae06570adc3d5d530ea65efbf361a6d1da03e83a865ec2269c7a016d782ac5ac6ffbb2dde7d9,"Feb 7, 2023 ... The Group is actively preparing the upcoming April, June and July 2023 renewals in a positive market environment. January 2023 P&C Reinsurance ...",2023-02-06,2023-02-06
Scor SE Sustainability Report 2023 filetype:pdf site:scor.com,Solvency and Financial Condition Report | SCOR,https://www.scor.com/en/download/file?token=def502008756103515808e028fff26f95af5637574f5583e29a37244181b10b2783667af0bf7e8216c37dd92ec8c50835a49805b4b8de906139e62f02b7959aa8a11a3bb06a04af8bb30f3eab21bc32c37c5b1e67490027b1a67c815c23050c709a660d006f1d760b01aeca9d7914d3e986085d602b736904c4d1d7f846e156df0cd0deffa,"May 6, 2022 ... 2023 to September 21, 2026. The total number ... corporate financial statements of SCOR SE – 1. ... referred to as “sustainability risks”. Where ...",2022-04-21,2022-04-22
Scor SE Sustainability Report 2023 filetype:pdf site:scor.com,Internal Regulations of the Board of Directors of SCOR SE,https://www.scor.com/en/download/file?token=def502006cc6b16c06efb9174fba5282069854ac0627bfe04553e2e689654022ad2db30c339e7640c4b873365ba6b85ea3311e62cbce0878b9545bb3410c1a333248962994d006257ce099694fca5d54e263cc456805f9b048e3ac530a7d13c690a588cc3a2cd57e8530b4f47d7f5167744ac6f43bf698b2dec7ac5dc5e616598c92ad47dd,The board of directors shall indicate in the annual report a summary statement of securities transactions and of the number of shares in the Company held by ...,2024-02-05,2024-02-05
Scor SE Sustainability Report 2023 filetype:pdf site:scor.com,SOLVENCY AND FINANCIAL CONDITION REPORT AS OF 31 ...,https://www.scor.com/en/download/file?token=def50200d38552a160d494a416a76b48f05ed8ffd1d05cf0b30d1233f18c9f363b3d1cdc2050858872daec8dc29abc1a1a8b132f6154afd8a6a41719dc06f07596a18e13b51fccf62c27b8ce538c51b4b8db258b64fc4bc39ac7c17b28240eef6689c5ad06cb02ebecfb44e6c1d8c0651b17ccb69ff297e3a5873c1652912a70c9556a213d,"Jan 1, 2022 ... ... Report of SCOR Group and SCOR SE, Section B.1.3 for further details in respect of the governance of the Group and SCOR SE. B.1.3.1 ...",2022-04-07,2022-04-07
Scor SE Sustainability Report 2023 filetype:pdf site:scor.com,Press release,https://www.scor.com/en/download/file?token=def5020027cdb4571a2b66b3fbe07ce07f055a708276d8c1767234cf72729cb76428820e66cfde725c2846ca46404b5711f1d58ee77075f9ad03725eb2471a9d78518f08257c6aeccbc8fa2bae0086d97576698e2cc834485d45cbb3597e7555ffae186c67d04535483f1c43e16dff018a9654cc174045e3a6534e680744502d466de34993,"May 17, 2024 ... 2023). Investments regular income yield of 3.5% in Q1 2024 (+0.7pts compared to Q1 2023). SCOR SE's Board of Directors met on 16 May 2024 ...",2024-05-16,2024-05-16
Scor SE Sustainability Report 2023 filetype:pdf site:scor.com,Information relating to the financial conditions of the departure of ...,https://www.scor.com/en/download/file?token=def502005dc00b217a91b1b2afac2b2ecf0e69518cf808372d0282fb9bdd11bd46a5d60ef302ee4a36bdd6966e57c3de349e54c80a718e07979549998234584172e2c9c4f87a0d34789b65f48f907c2372e5b3c5f278b1186afc4babd8733f76ad4e85dc2f7924e114e1ed90f244ef0a22782fab092f4bab3c7b0432c8b2e0fbe6b260689b,"Jan 30, 2023 ... ... 2023, the Board of Directors of SCOR SE announced that Laurent. Rousseau had stepped down as Chief Executive Officer and Director of SCOR SE.",2023-01-30,2023-01-30
"Calbee, Inc. Sustainability Report 2023 filetype:pdf site:calbee.co.jp",Calbee Report 2023 02,https://www.calbee.co.jp/en/ir/pdf/2023/CalbeeReport2023_en.pdf,"In 2020, the Calbee Group set five materiality themes covering important topics in sustainability management. ... Corporate Governance. SECTION 4. Data. Calbee ...",2023-10-23,2023-10-23
"Calbee, Inc. Sustainability Report 2023 filetype:pdf site:calbee.co.jp",Calbee Group Integrated Report,https://www.calbee.co.jp/en/ir/pdf/2022/CalbeeReport2022_en.pdf,Calbee Report 2022. Page 62. 61. 5. Data. Data. 5. 2. V alue Creation at the Calbee Group. 1. The Calbee Group. 's Goals. 3. Sustainability. 4. Corporate Go v.,2022-10-19,2022-10-19
"Calbee, Inc. Sustainability Report 2023 filetype:pdf site:calbee.co.jp",Calbee Report 2019,https://www.calbee.co.jp/en/ir/pdf/2019/CalbeeReport2019_s_en.pdf,"Established Matsuo Food Processing. Co., Ltd., Calbee, Inc. ... Group's sustainable growth as an outside director. ... Corporate Data (As of March 31, 2019). Konan ...",2019-09-24,2019-09-26
"Calbee, Inc. Sustainability Report 2023 filetype:pdf site:calbee.co.jp",Untitled,https://www.calbee.co.jp/sustainability/en/esg-data/pdf/Eng_2023.pdf,"Nov 20, 2023 ... Electricity derived from renewable ... 2023. However, for overseas subsidiaries ... reporting procedures for factories (Scope1,2)"", ""Calbee Group.",2023-07-25,2024-01-31
"Calbee, Inc. Sustainability Report 2023 filetype:pdf site:calbee.co.jp",Corporate Governance,https://www.calbee.co.jp/en/ir/pdf/2022/CalbeeReport2022_46-56_en.pdf,Calbee Report 2022. Corporate Governance. SECTION4. Page 2. 47. 5. Data. Corporate Go vernance. 4. 2. V alue Creation at the Calbee Group. 1. The Calbee Group.,2022-10-19,2022-10-19
"Calbee, Inc. Sustainability Report 2023 filetype:pdf site:calbee.co.jp",Over 40% Over 20%,https://www.calbee.co.jp/en/ir/pdf/2019/CalbeeReport2019_14-25_en.pdf,Creating the future of food. Calbee Report 2019. 14. Calbee Report 2019. 15. Data Section. Management Base. Sustainability. Vision and Gro wth Strategy. CEO ...,2019-09-24,2019-09-26
"Calbee, Inc. Sustainability Report 2023 filetype:pdf site:calbee.co.jp",Value Creation at the Calbee Group,https://www.calbee.co.jp/en/ir/pdf/2022/CalbeeReport2022_14-29_en.pdf,The business environment facing Calbee Group is ... Calbee Report 2022. Page 14. Investment for sustainable growth ... 2023. We believe that opportu- nities for ...,2022-10-19,2022-10-19
"Calbee, Inc. Sustainability Report 2023 filetype:pdf site:calbee.co.jp",Calbee Group Financial Results,https://www.calbee.co.jp/en/ir/pdf/2019/Calbee_FY2019_results_presentation.pdf,"May 15, 2019 ... Achieve corporate sustainability. 46. Page 48 ... 2013 2014 2015 2016 2017 2018 2019 2020 2021 2022 2023 ... The fiscal year ended March 31, 2019 is ...",2019-05-16,2019-05-16
"Calbee, Inc. Sustainability Report 2023 filetype:pdf site:calbee.co.jp","Calbee, Inc.",https://www.calbee.co.jp/en/ir/pdf/2022/73_Notice.pdf,"May 31, 2022 ... You are cordially invited to attend the 73rd Annual General Meeting of Shareholders of Calbee, Inc. ... Non-consolidated Financial Statements for ...",2022-05-17,2022-05-17
"Calbee, Inc. Sustainability Report 2023 filetype:pdf site:calbee.co.jp",Calbee Group Financial Results,https://www.calbee.co.jp/en/ir/pdf/2020/Calbee_FY2020_results_presentation.pdf,"May 15, 2020 ... ※Data is preliminary value of Calbee, Inc. only. 1/31. WHO emergency declaration. 2/27. Requests for national junior and high schools closure.",2020-05-14,2020-05-14
Nvidia Corp. Sustainability Report 2023 filetype:pdf site:nvidia.com,NVIDIA Corporate Responsibility Report Fiscal Year 2023,https://images.nvidia.com/aem-dam/Solutions/documents/FY2023-NVIDIA-Corporate-Responsibility-Report-1.pdf,"All references to “NVIDIA,” “we,” “us,” “our” or the “Company” mean NVIDIA Corporation and its subsidiaries. We've reported through the Global Reporting ...",2023-07-27,2024-01-12
Nvidia Corp. Sustainability Report 2023 filetype:pdf site:nvidia.com,NVIDIA 2022 Corporate Responsibility Report,https://images.nvidia.com/aem-dam/en-zz/Solutions/csr/FY2022-NVIDIA-Corporate-Responsibility.pdf,"Jul 7, 2022 ... ENVIRONMENTAL INITIATIVES AND PARTNERSHIPS 49. 2022 NVIDIA CORPORATE RESPONSIBILITY REPORT. ACCELERATING CLIMATE ACTION. Climate scientists in ...",2022-07-06,2022-07-06
Nvidia Corp. Sustainability Report 2023 filetype:pdf site:nvidia.com,2020 NVIDIA Corporate Social Responsibility Report,https://www.nvidia.com/content/dam/en-zz/Solutions/documents/FY2020-NVIDIA-CSR-Social-Responsibility.pdf,"Jun 10, 2020 ... See Diversity and Inclusion in the Social section for more FY20 interactions with prospective employees. Page 13. 13. NVIDIA 2020 CSR REPORT ...",2020-07-13,2020-07-13
Nvidia Corp. Sustainability Report 2023 filetype:pdf site:nvidia.com,2021 NVIDIA CORPORATE SOCIAL RESPONSIBILITY REPORT,https://images.nvidia.com/aem-dam/Solutions/documents/FY2021-NVIDIA-CSR-Social-Responsibility.pdf,"Jun 25, 2021 ... Each year we share in our corporate responsibility report the hard work the people of NVIDIA have done to create a more sustainable company and ...",2021-08-11,2021-08-11
Nvidia Corp. Sustainability Report 2023 filetype:pdf site:nvidia.com,Corporate Social Responsibility (CSR) Directive | NVIDIA,https://www.nvidia.com/content/dam/en-zz/Solutions/about-us/documents/nvidia-corporate-responsibility-directive.pdf,"This is reflected in two of our most fundamental commitments: to integrate social, ethical, and environmental principles into all aspects of our company, and to ...",2020-01-30,2020-08-26
Nvidia Corp. Sustainability Report 2023 filetype:pdf site:nvidia.com,Report of Independent Accountants To the Board of Directors of ...,https://images.nvidia.com/aem-dam/Solutions/documents/FY23-PwC-Assurance-Report-Management-Assertion_SIGNED-FINAL.pdf,"May 5, 2023 ... ... 2023, presented in the table below, management of NVIDIA Corporation (NVIDIA) asserts that the GHG emissions metrics are presented in ...",2023-05-05,2023-05-08
Nvidia Corp. Sustainability Report 2023 filetype:pdf site:nvidia.com,"Environmental, Health, Safety and Energy (EHS&E) Policy | NVIDIA",https://www.nvidia.com/content/dam/en-zz/Solutions/about-us/documents/NVIDIA-Environmental-Health-Safety-Energy-Policy.pdf,Last Updated: 19 MAY 2023. Page 1 of 2. Policy Purpose | ... support the use of our products and services in helping to solve important ... We produce.,2023-05-23,2023-05-23
Nvidia Corp. Sustainability Report 2023 filetype:pdf site:nvidia.com,Assurance statement: AA1000,https://www.nvidia.com/content/dam/en-zz/Solutions/documents/2020-05-15-NVIDIA-GHG-Assurance-Statement.pdf,"A list of key stakeholders is published annually in NVIDIA's annual Corporate. Responsibility report. For 2019-2020, NVIDIA identified Communities, Consumers,.",2020-05-31,2020-05-31
Nvidia Corp. Sustainability Report 2023 filetype:pdf site:nvidia.com,Welcome to your CDP Climate Change Questionnaire 2021 C0 ...,https://www.nvidia.com/content/dam/en-zz/Solutions/csr/NVIDIA_Corporation_CDP_Climate_Change_Questionnaire_2021.pdf,"Jul 28, 2021 ... The CSR Leadership. Page 6. NVIDIA Corporation CDP Climate Change Questionnaire 2021 Wednesday, July. 28, 2021. 6 committee provides direction ...",2021-11-16,2021-11-16
Nvidia Corp. Sustainability Report 2023 filetype:pdf site:nvidia.com,C0. Introduction,https://www.nvidia.com/content/dam/en-zz/Solutions/csr/NVIDIA_Corporation_CDP_Climate_Change_Questionnaire_2022.pdf,"NVIDIA Corporation CDP Climate Change Questionnaire 2022 Wednesday,. November 9, 2022. 1. C0. Introduction. C0.1. (C0.1) Give a general description and ...",2022-11-09,2022-11-09
"Triumph Group, Inc. Sustainability Report 2023 filetype:pdf site:triumphgroup.com",2023 Sustainability Report.,https://www.triumphgroup.com/files/Sustainability%20Report%20-%202023.pdf,"Jul 20, 2023 ... Triumph Group, Inc., headquartered in Radnor, Pennsylvania, designs, engineers, manufactures, repairs, and overhauls a broad portfolio of ...",2023-07-15,2023-07-17
"Triumph Group, Inc. Sustainability Report 2023 filetype:pdf site:triumphgroup.com",2022 Sustainability and Annual Report,https://www.triumphgroup.com/images/investor-relations/Triumph_PoweredbyDiversity.pdf,"Jul 15, 2022 ... About TRIUMPH. Triumph Group, Inc., headquartered in Berwyn, Pennsylvania, designs, engineers, manufactures, repairs, and overhauls a broad ...",2022-06-21,2022-06-21
"Triumph Group, Inc. Sustainability Report 2023 filetype:pdf site:triumphgroup.com",INVESTOR DAY,https://www.triumphgroup.com/files/TGI%20Investor%20Day%20Presentation%20(Sep%202023).pdf,"Sep 13, 2023 ... ... TRIUMPH's Annual Report on Form 10-K for the fiscal year ... Joined TRIUMPH Group, Inc. President and CEO ... TRIUMPH / Investor Day / Sep 13, 2023 ...",2023-09-13,2023-09-13
"ACI Worldwide, Inc. Sustainability Report 2023 filetype:pdf site:investor.aciworldwide.com",ACI Worldwide Publishes 2023 Sustainability Report,https://investor.aciworldwide.com/node/24686/pdf,"Jan 16, 2024 ... © Copyright ACI Worldwide, Inc. 2024. ACI, ACI Worldwide, ACI Payments, Inc., ACI Pay, Speedpay and all ACI product/solution names are ...",2024-01-16,
"ACI Worldwide, Inc. Sustainability Report 2023 filetype:pdf site:investor.aciworldwide.com",Annual Report,https://investor.aciworldwide.com/static-files/f2b5f491-1291-480d-aa41-7f0b2a798c49,"Jun 14, 2016 ... 2021 was a transformational year for ACI Worldwide. I am pleased to share that the company delivered the highest organic revenue growth in ...",2022-04-13,2022-04-21
"ACI Worldwide, Inc. Sustainability Report 2023 filetype:pdf site:investor.aciworldwide.com","ACI WORLDWIDE, INC.",https://investor.aciworldwide.com/static-files/09ae7656-08c2-4f65-ac25-aced914e391e,"Apr 18, 2022 ... Corporate Social Responsibility and Sustainability ... To be raised at the 2023 annual meeting of ... the footnotes thereto in ACI's annual report ...",2022-04-18,2022-04-18
"ACI Worldwide, Inc. Sustainability Report 2023 filetype:pdf site:aciworldwide.com",ACI Worldwide 2023 Sustainability Report,https://www.aciworldwide.com/wp-content/uploads/2023/01/ACI-SustainabilityReport.pdf,"Our 2022 ESG governance structure has three permanent layers: The Board of Directors, through the Nominating and Corporate. Governance (NCG) Committee, reviews ...",2024-01-09,2024-02-06
"ACI Worldwide, Inc. Sustainability Report 2023 filetype:pdf site:aciworldwide.com",ACI Sustainability Report: A Review Of ACI Worldwide's ...,https://www.aciworldwide.com/wp-content/uploads/2021/04/aci-sustainabilityreport.pdf,"Corporate social responsibility has long been an integral part of our business and corporate culture. Environmental, social and governance (ESG) initiatives ...",2021-05-17,2021-05-17
"ACI Worldwide, Inc. Sustainability Report 2023 filetype:pdf site:aciworldwide.com",ACI Worldwide Publishes 2023 Sustainability Report,https://investor.aciworldwide.com/node/24686/pdf,"Jan 16, 2024 ... © Copyright ACI Worldwide, Inc. 2024. ACI, ACI Worldwide, ACI Payments, Inc., ACI Pay, Speedpay and all ACI product/solution names are ...",2024-01-16,
"ACI Worldwide, Inc. Sustainability Report 2023 filetype:pdf site:aciworldwide.com",ACI Worldwide 2022 Sustainability Report,https://www.aciworldwide.com/wp-content/uploads/2022/01/2022-Sustainability-Report.pdf,"ACI Worldwide is a software company that provides mission- critical, real-time payment solutions to corporations, financial institutions, fintechs and ...",2023-01-31,2024-02-06
"ACI Worldwide, Inc. Sustainability Report 2023 filetype:pdf site:aciworldwide.com",Annual Report,https://investor.aciworldwide.com/static-files/f2b5f491-1291-480d-aa41-7f0b2a798c49,"Jun 14, 2016 ... 2021 was a transformational year for ACI Worldwide. I am pleased to share that the company delivered the highest organic revenue growth in ...",2022-04-13,2022-04-21
"ACI Worldwide, Inc. Sustainability Report 2023 filetype:pdf site:aciworldwide.com","ACI WORLDWIDE, INC.",https://investor.aciworldwide.com/static-files/09ae7656-08c2-4f65-ac25-aced914e391e,"Apr 18, 2022 ... Corporate Social Responsibility and Sustainability ... To be raised at the 2023 annual meeting of ... the footnotes thereto in ACI's annual report ...",2022-04-18,2022-04-18
"ACI Worldwide, Inc. Sustainability Report 2023 filetype:pdf site:aciworldwide.com",April 2022 - Prime Time for Real-Time,https://www.aciworldwide.com/wp-content/uploads/2022/04/Prime-Time-for-Real-Time-Report-2022.pdf,"Apr 5, 2022 ... Our yearly report looking at the growth and impact of real-time payments worldwide ... run through 2022 and much of 2023 ... ACI, ACI Worldwide, ACI ...",2022-05-19,2022-05-19
"ACI Worldwide, Inc. Sustainability Report 2023 filetype:pdf site:aciworldwide.com",Transactions 2025 - ACI Worldwide,https://www.aciworldwide.com/wp-content/uploads/2021/04/transactions-2025-an-economic-times-report-on-the-future-of-payments-in-india.pdf,"The digital revolution will invert the cash-to-digital money ratio dramatically. By 2023, digital transactions will overtake the amount of currency notes ...",2018-03-09,2018-03-09
